"","items","prices","soldwhen"
"1","JHAILYN ORTIZ 2016 BOWMAN CHROME SCOUT'S UPDATES  #BSU-JO Philadelphia Phillies","$0.99","Feb-12 17:25"
"2","2016 Bowman Chrome Dansby Swanson  BCP50 Braves","$0.99","Feb-12 17:25"
"3","RONNIE DAWSON 2016 ELITE EE auto /25 + die cut /49 #61 +2016 BOWMAN DRAFT CHROME","$3.30","Feb-12 17:24"
"4","Kenta Maeda BGS 9.5 Gem Auto 10 2016 Bowman Chrome Rookie Auto Dodgers","$46.00","Feb-12 17:24"
"5","Alex Blandino 2016 Bowman Chrome AFL Fall Stars #AFL-AB  Cincinnati Reds  RC","$0.99","Feb-12 17:22"
"6","2016 Bowman Chrome Draft Sean Reid-Foley Magenta Printing Plate 1/1 BLUE JAYS SP","$10.50","Feb-12 17:20"
"7","CHASE DeJONG 2015 BOWMANs BEST auto #B15-CD + 2016 BOWMAN DRAFT CHROME #BDC-174","$1.99","Feb-12 17:20"
"8","2016 Bowman Chrome Jacob Faria Blue Refractor Auto #108/150 Rays BN-ZD","$7.99","Feb-12 17:20"
"9","Sam Travis 2016 Bowman Chrome Auto Autograph Rookie RC Boston Red Sox HOT!","$8.99","Feb-12 17:17"
"10","(10) 2016 Bowman Draft & Chrome Mickey Moniak RC #1 LOT PHILLIES (2) Refractor","$10.50","Feb-12 17:15"
"11","Cornelius Randolph 2016 Bowman Chrome Auto Autograph Rookie RC Phillies HOT!","$4.13","Feb-12 17:14"
"12","2016 Bowman Chrome Ian Anderson Auto BGS MINT 9/10 Auto!","$10.08","Feb-12 17:08"
"13","KYLE MULLER 2016 ELITE EXTRA auto #153 + 2016 BOWMAN DRAFT CHROME #BDC-65","$1.79","Feb-12 17:06"
"14","2016 BOWMAN CHROME CHAD KUHL REFRACTOR AUTO #d 342/499","$2.34","Feb-12 17:04"
"15","2016 BOWMAN CHROME CHAD KUHL PITTSBURGH REFRACTOR AUTO #d 338/499","$4.01","Feb-12 17:03"
"16","2016 BOWMAN CHROME BASEBALL WILL SMITH 1ST BOWMAN PURPLE REFRACTOR AUTO #/250","$13.00","Feb-12 17:02"
"17","JOSHUA LOWE 2016 ELITE EE auto #13 & /200 #13 + 2016 BOWMAN DRAFT CHROME + BEST","$1.99","Feb-12 17:02"
"18","2016 BOWMAN CHROME CHAD KUHL PITTSBURGH PIRATES REFRACTOR AUTO #d 231/499","$4.26","Feb-12 17:02"
"19","2016 BOWMAN CHROME CHAD KUHL PIRATES REFRACTOR AUTO #d 339/499","$4.00","Feb-12 17:01"
"20","2016 BOWMAN CHROME CHAD KUHL REFRACTOR AUTO #d 12/499","$2.38","Feb-12 17:00"
"21","2016 Bowman Chrome Draft AUTO 5 Baseball Card Lot","$15.18","Feb-12 16:59"
"22","2016 Bowman Chrome #'d 414/499 Tyrell Jenkins RC AUTO AUTOGRAPH - Atlanta Braves","$0.99","Feb-12 16:50"
"23","2016 BOWMAN CHROME REFRACTOR AUTO TRAYCE THOMPSON  /499","$8.99","Feb-12 16:50"
"24","2016 Bowman Chrome Albert Almora Blue Refractor Auto /150 BGS 9.5/10!","$89.95","Feb-12 16:49"
"25","2016 Bowman Chrome Jhailyn Ortiz Auto Purple Refractor Prospects #d/250 Phillies","$81.99","Feb-12 16:49"
"26","Mookie Betts 2016 Bowman Chrome green refractor 22/99 #22 Boston Red Sox","$3.51","Feb-12 16:46"
"27","2016 Bowman Chrome COREY BLACK AUTOGRAPH/ GOLD REFRACTOR #12/50 CPA-CB CUBS","$11.50","Feb-12 16:44"
"28","2016 bowman Chrome Nomar Mazara Out Of The Gate Orange Refractor #18/25","$19.99","Feb-12 16:41"
"29","Francis Marte Signed Baseball Card Authentic Autograph 2016 Bowman #34 Chrome","$4.99","Feb-12 16:41"
"30","2016 Bowman Chrome Draft Auto Eric Lauer San Diego Padres","$4.55","Feb-12 16:40"
"31","2016 BOWMAN CHROME ROOKIE AUTO PURPLE REFRACTOR ANDERSON ESPINOZA /250 GEM MINT","$79.99","Feb-12 16:34"
"32","2016 Bowman Chrome Draft Auto Joshua Lowe Tampa Bay Rays","$4.97","Feb-12 16:32"
"33","35x LOT Delvin PEREZ 2016 Bowman Draft 1x REFRACTOR 10x Chrome 31x Paper RC STL","$12.50","Feb-12 16:32"
"34","2016 Bowman Chrome Draft Auto Braxton Garrett Miami Marlins","$9.56","Feb-12 16:30"
"35","2016 Bowman Chrome Prospect Austin Meadows Gold Refractor Pirates #27/50","$4.21","Feb-12 16:30"
"36","2016 Bowman Chrome Draft Bo Bichette RC Refractor Auto BLUE JAYS 350/499","$34.00","Feb-12 16:30"
"37","2016 Bowman Chrome 1st MIKE GERBER Tigers 3 Card Lot Auto SP Base, /499, /99","$9.50","Feb-12 16:27"
"38","2016 Bowman Chrome J.D. MARTINEZ Tigers 4 Card Lot Base, SP #143/150, #43/50","$0.99","Feb-12 16:27"
"39","2015, 2016 Bowman Chrome Lot FULMER, BUMGARNER, UPTON All Serial # SP","$0.99","Feb-12 16:26"
"40","2016 Bowman Chrome Draft Cole Irvin RC Orange Refractor 23/25 PHILLIES","$12.95","Feb-12 16:25"
"41","2016 Bowman Chrome Draft Riley Pint Auto RC COLORADO ROCKIES #1 PICK!","$9.95","Feb-12 16:25"
"42","2016 Bowman Chrome Draft Pete Peter Alonso Auto RC CDA- PA METS","$4.95","Feb-12 16:25"
"43","2016 Bowman Chrome Jameson Taillon RC Orange Refractor 06/25 Non Auto - Pirates","$4.26","Feb-12 16:20"
"44","2016 Bowman Chrome Draft AUTO #/99 TJ Zeuch Toronto Blue Jays","$3.28","Feb-12 16:19"
"45","JOE JIMENEZ~2016 BOWMAN CHROME 1ST BOWMAN CARD #BCP225 TIGERS","$0.01","Feb-12 16:12"
"46","2016 Bowman Prospect #BP10 & Chrome #BCP10 lot Victor Robles Nationals","$1.99","Feb-12 16:11"
"47","2016 BOWMAN CHROME YAIRO MUNOZ AUTO RC RED WAVE REFRACTOR 4/10 OAKLAND A'S","$41.00","Feb-12 16:11"
"48","2016 Bowman Chrome Anderson Espinoza Refractor Auto - 107/499","$33.00","Feb-12 16:10"
"49","2016 Bowman Chrome Yoan Moncada Orange Wave Refractor 25/25 #BCP148","$78.77","Feb-12 16:05"
"50","2016 Bowman Chrome Draft Auto TJ Zeuch Refractor 311/499 Blue Jays","$5.81","Feb-12 16:05"
"51","2016 Bowman Chrome Draft Matt Thaiss Auto","$7.50","Feb-11 21:50"
"52","2016 Bowman Chrome Draft BLUE WAVE REFRACTOR Alec Hansen RC AUTO 134/150","$15.00","Feb-11 21:45"
"53","2016 Bowman Chrome Draft BLUE REFRACTOR Bryse Wilson RC AUTO 065/150 Braves","$12.00","Feb-11 21:44"
"54","2016 Bowman Chrome Draft BRYAN REYNOLDS AUTO Giants Rookie Prospect #CDA-BRR","$9.99","Feb-11 21:44"
"55","2016 Bowman Chrome Draft Ian Anderson RC AUTO Braves","$10.27","Feb-11 21:43"
"56","VLADIMIR GUERRERO JR  2016 Bowman Chrome BLUE Refractor AUTO RC #/150","$399.99","Feb-11 21:35"
"57","2016 Bowman Chrome Draft Forrest Whitley RC AUTO Astros","$5.99","Feb-11 21:34"
"58","8   gleyber torres      2016 bowman chrome refractor chrome and base","$2.24","Feb-11 21:34"
"59","2016 Bowman Chrome Card # CPA-AB Alex Bregman Autographed Rookie Card Astros","$96.00","Feb-11 21:23"
"60","2016 Bowman Chrome - Jaime Schultz Refractor Auto #95/499 - Rays RC TAMPA BAY SP","$1.76","Feb-11 21:20"
"61","2016 Bowman Chrome Draft GREEN REFRACTOR Mickey Moniak RC AUTO 52/99 Phillies","$338.00","Feb-11 21:18"
"62","2016 Bowman Chrome Draft Joshua Lowe RC AUTO Tampa Bay Rays","$5.50","Feb-11 21:13"
"63","2016 Bowman Chrome Refractors That Never Were Al Kaline HOF Tigers Auto 19/99","$34.99","Feb-11 21:13"
"64","2016 Bowman Chrome Draft Zack Collins RC AUTO White Sox","$21.50","Feb-11 21:12"
"65","2016 Bowman Chrome Draft Delvin Perez RC AUTO Cardinals","$49.00","Feb-11 21:12"
"66","FORREST WHITLEY - 2016 BOWMAN CHROME DRAFT AUTO AUTOGRAPH RC - ASTROS","$6.95","Feb-11 21:11"
"67","2016 Bowman Chrome Draft Gavin Lux RC AUTO Dodgers","$13.50","Feb-11 21:11"
"68","2016 Bowman Chrome Jonah Arenado Refractor Auto 183 / 499","$12.50","Feb-11 21:09"
"69","2016 Bowman Chrome Raul Mondesi Refractor Auto 279 / 499","$4.99","Feb-11 21:09"
"70","2016 Bowman Chrome Draft REFRACTOR Delvin Perez RC AUTO 029/499 Cardinals","$84.00","Feb-11 21:07"
"71","2016 Bowman Chrome Draft REFRACTOR Will Benson RC AUTO 483/499 Indians","$26.00","Feb-11 21:07"
"72","2016 Bowman Chrome Draft REFRACTOR Zack Collins RC AUTO 177/499 White Sox","$29.00","Feb-11 21:06"
"73","2016 Bowman Chrome Draft REFRACTOR Bobby Dalbec RC AUTO 378/499 Red Sox","$22.24","Feb-11 21:05"
"74","2016 Bowman Chrome Trea Turner Rookie Card Refractor 323 / 499","$5.99","Feb-11 21:05"
"75","2016 Bowman Chrome Draft PURPLE REFRACTOR DJ Peters RC 045/250 Dodgers","$1.99","Feb-11 21:02"
"76","2016 Bowman Chrome Draft GREEN REFRACTOR Bobby Dalbec RC NON AUTO 35/99 Red Sox","$5.00","Feb-11 21:02"
"77","2016 Bowman Chrome Draft 1ST PURPLE REFRACTOR AUTO A.J. PUK 193/250","$28.00","Feb-11 21:00"
"78","Corey Seager HUGE 43 Rookie Card LOT 2010-2016 Bowman Chrome, Refractor, SP, USA","$40.78","Feb-11 21:00"
"79","2016 Bowman Chrome Draft 1ST REFRACTOR AUTO Cal Quantrill 361/499","$7.00","Feb-11 21:00"
"80","2016 Bowman Chrome Draft 1ST REFRACTOR AUTO Ian Anderson 167/499","$26.99","Feb-11 21:00"
"81","2016 Bowman Chrome Draft 1ST REFRACTOR AUTO Buddy Reed 227/499","$3.25","Feb-11 21:00"
"82","2016 Bowman Chrome Draft 1st Refractor Auto Nolan Jones 302/499","$15.50","Feb-11 21:00"
"83","2016 Bowman Chrome ORANGE Refractor Tyler Jay 11/25","$3.00","Feb-11 21:00"
"84","2016 Bowman Chrome Draft Draft Pick Auto Refractor Alex Kirilloff 310/499","$51.00","Feb-11 20:59"
"85","2016 Bowman Chrome ""Vending Box"" #BCP182 CODY BELLINGER BLACK&GOLD Ref. DODGERS","$6.50","Feb-11 20:59"
"86","2016 Bowman Chrome Willie Calhoun Autograph","$14.75","Feb-11 20:58"
"87","Trea Turner RC Gold 2016 Bowman Chrome 20/50!","$29.00","Feb-11 20:56"
"88","2016 BOWMAN CHROME RC Domingo Leyba Auto #CPA-DL","$2.99","Feb-11 20:52"
"89","Jose Berrios 2016 BOWMAN CHROME ROOKIE BLUE REFRACTOR AUTO /150 MINNESOTA TWINS","$14.99","Feb-11 20:50"
"90","2016 Bowman Chrome Draft Ian Anderson Ref Refractor SP Auto Autograph #d /499","$24.99","Feb-11 20:48"
"91","2016 Bowman Chrome Draft RED REFRACTOR Derek Fisher RC 3/5 Astros","$43.98","Feb-11 20:45"
"92","VICTOR ROBLES 2016 BOWMAN CHROME RC ROOKIE AUTOGRAPH NATIONALS AUTO SP MINT $120","$72.00","Feb-11 20:45"
"93","Jake Bauers 2016 Bowman Chrome Prospects Blue Refractor #007/150","$0.25","Feb-11 20:45"
"94","2016 Bowman Chrome Prospects #BCP34 Francis Martes - NM-MT","$0.99","Feb-11 20:43"
"95","2016 Bowman Chrome Draft ORANGE REFRACTOR Braxton Garrett RC AUTO 20/25 Marlins","$202.50","Feb-11 20:43"
"96","MICHAEL FULMER 2016 Bowman Chrome Refractor Rookie RC /499 Tigers ROY!!","$5.69","Feb-11 20:41"
"97","2016 Bowman Chrome Rookie Autographs #CPAVR Victor Robles","$79.99","Feb-11 20:35"
"98","2016 Bowman Chrome Mikey White Auto Refractor 082/499","$0.99","Feb-11 20:30"
"99","RAUL MONDESI 2016 Bowman Chrome CYAN Printing Plate rookie rc 1/1 Royals","$179.00","Feb-11 20:29"
"100","2016 BOWMAN CHROME BLACK & GOLD REFRACTOR PARALLEL DAVID PAULINO #BCP213 ASTROS","$1.21","Feb-11 20:28"
"101","2016 Bowman Chrome Baseball HOBBY HOT PACK #d Refractor/Auto Corey Seager? Gold?","$9.49","Feb-11 19:07"
"102","2016 Bowman Baseball #d CHROME Refractor/Auto Hot Pack Alex Bregman Green? Gold?","$8.50","Feb-11 19:05"
"103","2016 bowman chrome blue auto card of sal romano. 40/150 reds","$0.96","Feb-11 19:05"
"104","2016 Bowman Chrome Trea Turner Gold Refractor RC Rookie # 10/50","$57.08","Feb-11 19:05"
"105","2016 Bowman Chrome 1st ANDERSON MILLER Green #71/99 Royals","$1.95","Feb-11 19:04"
"106","2016 BOWMAN DRAFT NOLAN JONES *CHROME BLUE REFRACTOR AUTO #111/150*  INDIANS","$59.89","Feb-11 19:03"
"107","(53) 2016 Bowman Chrome Draft Mike Shawaryn Lot - Refractors, Blue - Red Sox!!!!","$13.00","Feb-11 19:02"
"108","2016 Bowman Draft Chrome Kyle Lewis RC Prospect AUTO Mariners!!","$47.00","Feb-11 19:00"
"109","JOE RIZZO 2016 BOWMAN CHROME DRAFT ORANGE REFRACTOR ROOKIE AUTO RC #12/25","$72.17","Feb-11 19:00"
"110","2016 Bowman Draft Chrome Bryse Wilson RC AUTO PURPLE /250 Braves!!","$9.00","Feb-11 19:00"
"111","2016 Bowman Draft Chrome Jesus Luzard RC GOLD AUTO /50 Nationals!!","$22.72","Feb-11 19:00"
"112","A.J. AJ PUK 2016 BOWMAN CHROME DRAFT GREEN REFRACTOR ROOKIE AUTO #/99","$68.00","Feb-11 19:00"
"113","2016 Bowman Draft Chrome Hudson Potts RC AUTO Padres!!","$1.76","Feb-11 19:00"
"114","2016 Bowman Chrome Draft Robert Tyler Auto Purple Refractor /250","$2.60","Feb-11 19:00"
"115","Dane Dunning 2016 Bowman Chrome Gold Wave Refractor Auto 50/50 Nationals","$27.00","Feb-11 19:00"
"116","2016 Bowman Draft Chrome Riley Pint Auto Autograph Refractor /499 Ref","$12.50","Feb-11 19:00"
"117","A.J. PUK 2016 BOWMAN CHROME 1ST AUTOGRAPH AUTO ROOKIE RC OAKLAND A'S","$12.50","Feb-11 19:00"
"118","2016 Bowman Chrome Draft Riley Pint Purple Refractor Autograph /250","$24.50","Feb-11 19:00"
"119","2016 Bowman Chrome Draft Riley Pint Auto Under Armour All-American 085/225","$12.50","Feb-11 19:00"
"120","2016 Bowman Chrome Dane Dunning Nationals Rookie Gold Refractor Auto 39/50","$26.00","Feb-11 19:00"
"121","Dane Dunning 2016 Bowman Chrome Draft Blue Refractor Auto 007/150 Nationals","$8.61","Feb-11 19:00"
"122","Kyle Schwarber 2016 Bowman Chrome Prime Positions RC Auto /250","$37.01","Feb-11 18:59"
"123","2016 BOWMAN CHROME - PROSPECT - GREEN REFRACTOR - HUNTER RENFROE /250","$3.00","Feb-11 18:59"
"124","2016 BOWMAN CHROME - TOP 100 UPDATES - GOLD REFRACTOR - REYNALDO LOPEZ /50","$6.00","Feb-11 18:59"
"125","2016 BOWMAN CHROME DRAFT - GREEN REFRACTOR - PROSPECT - BRENDAN RODGERS /99","$8.00","Feb-11 18:59"
"126","2016 Bowman Chrome Baseball Scouts' Update Refractor Auto Taylor Ward RC /199","$4.95","Feb-11 18:58"
"127","ALEX KIRILLOFF 2016 BOWMAN CHROME DRAFT AUTO TWINS AUTOGRAPH 1st CARD ROOKIE RC","$30.52","Feb-11 18:57"
"128","Yadier Alvarez 2016 Bowman Chrome Auto","$31.00","Feb-11 18:55"
"129","Willie Calhoun 2016 Bowman Chrome Auto","$16.50","Feb-11 18:55"
"130","2016 Bowman Chrome (draft) autograph prospect Kyle Lewis","$49.99","Feb-11 18:53"
"131","(10) MICKEY MONIAK 2016 Bowman Chrome Draft ALL CHROME ROOKIE LOT $$$ Phillies","$30.00","Feb-11 18:52"
"132","IAN ANDERSON 2016 Bowman Chrome Draft BGS 9.5/10 Blue Refractor RC Auto #040/150","$99.99","Feb-11 18:52"
"133","Isan Diaz 2016 Bowman Chrome Blue Refractor Rookie RC Autograph Auto /150 Hot","$69.00","Feb-11 18:50"
"134","2016 Bowman Draft COLE RAGANS Gold Wave Refractor Auto /50 CDA-CR Rangers Chrome","$35.00","Feb-11 18:45"
"135","Alex Bregman 2016 Bowman Chrome Gold Refractor /50 PSA 9","$60.00","Feb-11 18:43"
"136","ALEX KIRILLOFF 2016 BOWMAN CHROME DRAFT AUTO TWINS AUTOGRAPH 1st CARD ROOKIE RC","$28.57","Feb-11 18:41"
"137","2016 Bowman Chrome Draft Green Refractors #BDC35 Joey Wentz #d /99","$1.95","Feb-11 18:41"
"138","2016 Bowman Chrome Draft Green Refractors #BDC49 Brett Adcock #d /99","$1.20","Feb-11 18:41"
"139","2016 Bowman Chrome Zach Collins AUTOGRAPH Rookie White Sox","$32.99","Feb-11 18:39"
"140","FRANCISCO MEJIA 2016 bowman chrome  #/150","$0.99","Feb-11 18:38"
"141","DYLAN CARLSON 2016 Bowman Chrome Autograph","$3.25","Feb-11 18:38"
"142","2016 BOWMAN CHROME GOLD REFRACTOR AUTO CAL QUANTRILL  /50","$74.99","Feb-11 18:37"
"143","2016 Bowman Chrome RED Refractor /5 #BCP94 JORGE MATEO New York Yankees NY","$24.50","Feb-11 18:35"
"144","2016 Bowman Chrome Anderson Espinoza 4/5 Red Refractor FBC Red Sox Rare!","$49.99","Feb-11 18:32"
"145","ANDREW BENINTENDI 2016 TOPPS PORTLAND SEA DOGS, BOWMAN ""CHROME"", & DRAFT DIF.!!!","$0.68","Feb-11 18:31"
"146","2016 Bowman Chrome Trea Turner Blue Refractor RC Rookie Auto # 112/150","$77.00","Feb-11 18:30"
"147","2016 Bowman Chrome Draft Draft Pick Autographs Refractors Jordan Sheffied /499","$5.95","Feb-11 18:30"
"148","2016 Bowman Draft Chrome ELOY JIMENEZ Chicago Cubs Refractor # BDC-191","$2.25","Feb-11 18:29"
"149","2015 Gary Sanchez Rookie RC 2016 Bowman Chrome Topps Chrome Card Lotx4 Yankees","$7.99","Feb-11 18:28"
"150","2016 Stephen Piscotty Bowman Chrome AUTO ROOKIE Autograph Rc St Louis Cardinals","$10.00","Feb-11 18:24"
"151","2016 Bowman Chrome Athletics AJ Puk 1st Bowman Auto Card w/ 4 Bonus Refractor","$12.55","Jan-29 20:19"
"152","Alex Kirilloff 2016 Bowman Draft Chrome Refractor Blue 58/150 Twins Non-Auto","$6.54","Jan-29 20:19"
"153","2016 Bowman chrome Prospects Rookie Cody Bellinger #182 - Dodgers","$4.36","Jan-29 20:18"
"154","2016 Bowman Chrome Athletics Daulton Jefferies Refractor & Base 1st Auto Card","$8.89","Jan-29 20:18"
"155","KYLE LEWIS 2016 BOWMAN DRAFT CHROME GOLD WAVE REFRACTOR AUTO SER#37/50","$275.00","Jan-29 20:17"
"156","2016 BOWMAN DRAFT DELVIN PEREZ CHROME BLACK REFRACTOR AUTO /75 CARDINALS","$170.00","Jan-29 20:15"
"157","2016 Bowman Chrome Refractor Gleyber Torres New York Yankees","$3.25","Jan-29 20:15"
"158","2016 Bowman Chrome Fantasy Impact Refractor Justin Dunn AUTO 4/50 Mets","$12.49","Jan-29 20:15"
"159","2016 Bowman Chrome Autograph Auto RC Victor Alcantara #VA - Angels","$1.76","Jan-29 20:15"
"160","2016 Bowman Chrome Gold Refractor Justin Dunn AUTO 1/50 New York Mets","$27.00","Jan-29 20:15"
"161","2016 Bowman Chrome Fantasy Impact Gold Refractor Zack Collins White Sox 26/50","$0.99","Jan-29 20:15"
"162","2016 BOWMAN CHROME VENDING BASEBALL BOX","$73.50","Jan-29 20:14"
"163","2016  Bowman Chrome  AMED ROSARIO   Purple Refractor  010/250","$4.25","Jan-29 20:12"
"164","2016 Bowman Chrome Royals Raul Mondesi Auto Refractor /499 & Johnny Damon Best","$3.34","Jan-29 20:05"
"165","REGGIE JACKSON 2016 BOWMAN DRAFT CHROME DRAFT HISTORY + 2007 TTT #0263/1350","$0.99","Jan-29 20:05"
"166","2016 Bowman Chrome Rockies Sam Howard Refractor Auto High Tek Gray Auto LOT OF 6","$3.25","Jan-29 20:05"
"167","BGS 9.5/10 WILLSON CONTRERAS 2016 Bowman Chrome REFRACTOR AUTO RC #/499","$175.00","Jan-29 20:05"
"168","2016 Alec Hansen Bowman Chrome PROSPECT AUTO Autograph Chicago White Sox","$5.00","Jan-29 20:05"
"169","KYLE MULLER 2016 Bowman Chrome Auto # 117/150","$31.00","Jan-29 20:03"
"170","KYLE LEWIS 2016 BOWMAN CHROME DRAFT AUTO","$69.99","Jan-29 20:03"
"171","Julio Urias Auto RC Green Refractor 2016 Bowman's Best Chrome SP Parallel 11/99","$36.55","Jan-29 20:00"
"172","2016 Bowman Draft Paper/Chrome Team Set Lot Chicago Cubs","$1.99","Jan-29 20:00"
"173","2016 Bowman Draft Paper/Chrome Team Set Lot Mickey Moniak Kevin Gowdy Phillies","$4.99","Jan-29 20:00"
"174","2016 Bowman Draft Paper/Chrome 3 Card Lot Atlanta Braves Joey Wentz","$1.19","Jan-29 20:00"
"175","2016 Bowman Draft Paper/Chrome 3 card Lot Atlanta Braves Brett Cumberland","$1.19","Jan-29 20:00"
"176","2016 Bowman Draft Paper/Chrome 3 Card Lot Minnesota Twins Alex Kirilloff","$1.99","Jan-29 20:00"
"177","2016 Bowman Draft Paper/Chrome Team Set Lot Los Angeles Dodgers","$3.99","Jan-29 20:00"
"178","2016 Bowman Draft Paper/Chrome 3 Card Lot Boston Red Sox C.J. Chatham","$1.19","Jan-29 20:00"
"179","2016 Bowman Draft Paper/Chrome 3 Card Lot Detroit Tigers Matt Manning","$1.69","Jan-29 20:00"
"180","2016 Bowman Draft Paper/Chrome Team Set Lot New York Mets","$3.99","Jan-29 20:00"
"181","Pete Alonso 2016 Bowman Chrome Draft Rookie RC On Card Auto Autograph Mets","$8.50","Jan-29 20:00"
"182","(90) 2013-2016 BASEBALL BOWMAN TOPPS CHROME STERLING ROOKIE AUTO LOT - ALL AUTO","$46.00","Jan-29 20:00"
"183","2016 Bowman Draft Paper/Chrome/Dividends Lot UVa Virginia Angels Matt Thaiss","$1.99","Jan-29 19:59"
"184","2016 Bowman Draft Paper/Chrome Team Set Lot Cincinnati Reds","$2.99","Jan-29 19:59"
"185","2016 Bowman Draft Paper/Chrome Team Set Lot w/ Corey Ray Milwaukee Brewers","$3.99","Jan-29 19:59"
"186","2016 Bowman Draft Paper/Chrome/Dividends Lot San Diego Padres Cal Quantrill","$1.39","Jan-29 19:59"
"187","2016 Bowman Draft Paper/Chrome 3Card Lot Louisville Chicago White Sox Zack Burdi","$1.69","Jan-29 19:59"
"188","2016 Bowman Draft Paper/Chrome 3 Card Lot Texas Rangers Cole Ragans","$1.19","Jan-29 19:59"
"189","2016 Bowman Draft Paper/Chrome 3 Card Lot Toronto Blue Jays Reese McGuire","$1.19","Jan-29 19:59"
"190","2016 Bowman Draft Paper/Chrome Team Set Lot Toronto Blue Jays","$3.99","Jan-29 19:59"
"191","2016 Bowman Chrome YADIER ALVAREZ Prospect on card Auto Refractor /499 Dodgers","$39.99","Jan-29 19:56"
"192","2016 Victor Robles BOWMAN CHROME Purple Refractor AUTO #100/250 Autograph","$124.99","Jan-29 19:55"
"193","Franklin Barreto Lot (56) 2016 Bowman Draft Chrome Refractor Base Inserts++ A's","$0.99","Jan-29 19:53"
"194","2016 Bowman Chrome Lucas Giolito Gold Top 100 Auto-35/50","$20.00","Jan-29 19:53"
"195","2016 Bowman Chrome Draft Cody Sedlock Autograph # CDA-CS","$2.99","Jan-29 19:52"
"196","2016 Bowman Chrome Prospect Rookie Alex Reyes #108 - Cardinals","$0.93","Jan-29 19:48"
"197","Christian Arroyo Lot (60) 2016 Bowman Draft Chrome Refractor Base Inserts Giants","$0.99","Jan-29 19:47"
"198","2016 Bowman Chrome Refractor Anfernee Grier Autograph # CDA-AG 022/499","$4.55","Jan-29 19:46"
"199","Lot of 25 2016 Bowman Chrome Draft Kyle Lewis Rookies- All Chrome!","$53.00","Jan-29 19:45"
"200","Tyler Wade Lot (49) 2016 Bowman Draft Chrome Purple Refractor Black Base Yankees","$1.57","Jan-29 19:43"
"201","2010-2016 Bowman Chrome Auto Lot! Giolito, Kipnis, Etc!","$23.53","Jan-29 15:27"
"202","Lot of 2 2016 Bowman Chrome Gleyber Torres BGS 8.5 Rookie Cards!","$8.99","Jan-29 15:25"
"203","2016 BOWMAN CHROME DRAFT PROSPECTS REFRACTOR AMED ROSARIO #BDC-190 METS","$1.85","Jan-29 15:09"
"204","2016 BOWMAN CHROME PURPLE AUTO HARRISON BADER BGS 8.5 W/ 10 AUTO","$49.95","Jan-29 15:07"
"205","2016 Bowman Chrome Draft IAN ANDERSON RC Rookie Autograph Auto BRAVES","$13.50","Jan-29 15:04"
"206","2016 Bowman Chrome * Oneal Cruz * Autograph Refractor * # 295/499 * Dodgers SSP","$0.99","Jan-29 15:00"
"207","(14) Will Craig 2016 Bowman Chrome Draft RC Auto Lot - Pirates","$111.38","Jan-29 14:57"
"208","(325) 2016 Bowman CHROME Draft REFRACTOR ++++ Insert Non Auto Lot","$47.01","Jan-29 14:56"
"209","2016 Bowman Draft Chrome Mickey Moniak REFRACTOR RC","$2.50","Jan-29 14:53"
"210","2016 Bowman Chrome Draft Prospect Ref Rookie Delvin Perez #31 - Cardinals","$4.00","Jan-29 14:53"
"211","2016 (Mets) Bowman Chrome Out of the Gate Gold Refractors #OOG5 Michael Conforto","$6.80","Jan-29 14:51"
"212","2016 Bowman Chrome RC Auto Riley Pint","$14.99","Jan-29 14:51"
"213","JORGE MATEO - 2016 BOWMAN CHROME NATIONAL CONVENTION #BNR39 GOLD REFRACTOR #/50","$16.99","Jan-29 14:43"
"214","BRAXTON GARRETT - 2016 BOWMAN CHROME DRAFT AUTO AUTOGRAPH RC - MARLINS","$12.00","Jan-29 14:43"
"215","2016 Bowman Draft Delvin Perez Chrome Refractor Auto 253/499","$69.00","Jan-29 14:41"
"216","BUDDY REED #BDC15 - 2016 BOWMAN CHROME DRAFT SKY BLUE REFRACTOR - PADRES","$2.00","Jan-29 14:40"
"217","DANIEL JOHNSON - 2016 BOWMAN CHROME DRAFT REFRACTOR #BDC94 - NATIONALS","$0.99","Jan-29 14:40"
"218","AMED ROSARIO - 2016 BOWMAN CHROME DRAFT REFRACTOR #BDC190 - METS","$0.99","Jan-29 14:40"
"219","ANDREW SOPKO - 2016 BOWMAN CHROME DRAFT REFRACTOR #BDC194 - DODGERS","$0.99","Jan-29 14:40"
"220","2016 Bowman Chrome Corey Black Auto Refractor Card #2/499 MLB Cubs","$3.00","Jan-29 14:35"
"221","2016 Bowman Chrome Taylor Trammell Auto RC","$12.50","Jan-29 14:34"
"222","2016 Bowman Chrome ORANGE Refractor Chris Okey Auto RC #D/25","$42.25","Jan-29 14:34"
"223","Juan Soto 2016 Bowman Chrome Refractor RC AUTO #277/499     NATIONALS  GRADEABLE","$82.82","Jan-29 14:34"
"224","2016 Bowman Chrome Blue Wave Ref Dane Dunning Auto RC #D/150","$13.59","Jan-29 14:33"
"225","(55) Corey Ray 2016 Bowman Chrome Draft Refractor + Insert Lot Milwaukee Brewers","$15.74","Jan-29 14:28"
"226","Brendan Rodgers 2016 Bowman Chrome / Bowman RC LOT (10)","$1.09","Jan-29 14:20"
"227","VICTOR ROBLES Lot of (7) 2016 1st Year Bowman & Chrome","$7.50","Jan-29 14:20"
"228","2016 BOWMAN CHROME SCOUT'S UPDATES CODY BELLINGER DODGERS FREE SHIPPING","$0.99","Jan-29 14:18"
"229","2016 Bowman Chrome Bowman Scouts Updates #BSUCB Cody Bellinger Dodgers","$1.75","Jan-29 14:17"
"230","2016 Bowman's Best Gary Sanchez RC Lot #3 - Chrome + Refractor","$0.99","Jan-29 14:11"
"231","(145) Chicago Cubs 2016 Bowman Chrome Draft Lot Eloy Jimenez Ian Happ Cease","$8.50","Jan-29 14:09"
"232","COREY SEAGER - 2016 Bowman Chrome National Convention PRISM Refractor - QTY!","$6.45","Jan-29 14:09"
"233","(3x) 2016 Bowman Chrome Draft * DELVIN PEREZ ROOKIE PURPLE REFRACTOR /250 LOT","$30.00","Jan-29 13:59"
"234","ZACK COLLINS 2016 Bowman Chrome Draft * 10x ALL CHROME + 3x REFRACTORS LOT","$15.00","Jan-29 13:58"
"235","2016 Bowman Chrome Yoan Moncada 13 Card Rookie Lot! 7 Bowman Paper 6 Chrome!","$15.99","Jan-29 13:56"
"236","2016 BOWMAN DRAFT JUSTIN DUNN *CHROME GOLD WAVE REFRACTOR AUTO #16/50*  NY METS","$69.99","Jan-29 13:53"
"237","(3) LOT - 2016 Bowman Chrome Chris Okey Purple /250 + x2 Base Auto Autograph RC","$16.27","Jan-29 13:53"
"238","(3) LOT - 2016 Bowman Chrome BLUE Refractor Kyle Lewis /150 #BDC-60 GRADE! RC","$34.00","Jan-29 13:53"
"239","(2) LOT 2016 Topps Bowman Chrome REFRACTOR Gleyeber Torres #BDC-143 Yankees RC","$6.50","Jan-29 13:52"
"240","(2) LOT - 2016 Bowman Chrome REFRACTOR Dakota Hudson /499 Auto Autograph #CDA-DH","$6.24","Jan-29 13:52"
"241","(2) LOT - 2016 1st Bowman Chrome Purple Kyle Lewis /250 #BDC-60 Mariners GRADE!","$10.50","Jan-29 13:51"
"242","REDEMPTION 2016 Bowman Chrome GREEN Julio Urias Auto Autograph #BCAR-JU Dodgers","$62.66","Jan-29 13:50"
"243","2016 BOWMAN DRAFT CHROME ALEX KIRILLOFF  AUTO ROOKIE RC MINNESOTA AUTOGRAPH","$35.00","Jan-29 13:50"
"244","2016 Bowman Chrome Nate Smith Purple Refractor Auto #'d 178/250 BGS 9/10 Auto","$7.00","Jan-29 13:49"
"245","2016 BOWMAN DRAFT CHROME MICKEY MONIAK AUTO ROOKIE RC PHILLIES AUTOGRAPH","$85.88","Jan-29 13:46"
"246","2016 Bowman Chrome Purple Refractor Will Benson 218/250","$1.99","Jan-29 13:42"
"247","2016 Bowman Chrome Draft #BDC-110 Matt Thaiss Green Refractor #'d 66/99 ~ Angels","$7.99","Jan-29 13:40"
"248","2016 Bowman Chrome YADIER ALVAREZ REF Auto #/499 BGS 9.5/10 DODGERS","$86.00","Jan-29 13:37"
"249","GLEYBER TORRES 2016 Bowman Chrome Prosp Purple Ref RC PSA GEM MINT 10 #087/250","$39.99","Jan-29 13:37"
"250","(32) Dom Thompson-Williams 2016 Bowman Chrome Draft Blue Refractor + Lot Yankees","$1.76","Jan-29 13:36"
"251","2016 Bowman Chrome Andrew Benintendi Prime Positions GOLD Auto #/50","$100.00","Jan-29 06:00"
"252","Francis Martes 2016 Bowman Chrome RC LOT (8)","$3.25","Jan-29 05:59"
"253","Andrew Benintendi 2016 Bowman Chrome / Bowman RC LOT (8)","$12.50","Jan-29 05:57"
"254","LEWIS BRINSON 2016 BOWMAN CHROME BLUE REFRACTOR PROSPECT RC #'D /150 (RANGERS)","$1.99","Jan-29 05:37"
"255","Ryan Cordell Milwaukee Brewers 2016 Bowman Chrome Draft Sky Blue Refractor","$2.50","Jan-29 05:33"
"256","2016 Bowman Chrome Anthony Rizzo Gold Refractor Chicago Cubs 2/50","$11.00","Jan-29 05:33"
"257","2016 Bowman Chrome Albert Almora Auto Green Refractor Cubs  BCAR-AA  02/99","$18.00","Jan-29 05:00"
"258","2016 Bowman Chrome Corey Seager Auto Refractor Dodgers  BCAR-CS  405/499","$100.00","Jan-29 04:59"
"259","2016 Bowman Chrome Jose Berrios  Auto Refractor Twins  BCAR-JBE  195/499","$3.25","Jan-29 04:58"
"260","2016 Bowman Chrome Jose Peraza  Auto  Reds  BCAR-JP","$1.99","Jan-29 04:58"
"261","2016 Bowman Chrome Luis Severino Auto Green Refractor Yankees  BCAR-LS  26/99","$11.00","Jan-29 04:57"
"262","2016 Bowman Chrome Matt Reynolds Auto Mets  BCAR-MR Autograph","$1.99","Jan-29 04:57"
"263","2016 Topps Bowman Chrome National Exclusive Wrapper Redemption Pack 4 Refractors","$24.99","Jan-29 04:38"
"264","CAL QUANTRILL 2016 Bowman Chrome Draft Prospect Rookie RC Autograph Auto QTY","$6.04","Jan-29 04:27"
"265","2016 Bowman Chrome Case Base Lot 100% Unpicked Kris Bryant Corey Seager Trout ++","$99.00","Jan-29 04:25"
"266","BGS 9.5 2016 Bowman Chrome Rookie 10 Auto Superfractor Luis Severino 1/1 Yankees","$499.99","Jan-29 04:09"
"267","2016 KYLE LEWIS BOWMAN CHROME REFRACTOR AUTOGRAPH ROOKIE AUTO BGS 9.5/10 (0159)","$159.99","Jan-29 03:10"
"268","NOLAN MARTINEZ 2016 Bowman Chrome Draft 1st Card Auto Black Wave Ref 1/1 Yankee","$299.99","Jan-29 03:08"
"269","2016 Bowman Draft Chrome BDPP Mickey Moniak Ref Refractor Phillies N0n Auto","$10.00","Jan-29 03:05"
"270","2016 BOWMAN CHROME SCOUT'S UPDATES JHAREL COTTON DODGERS FREE SHIPPING","$0.99","Jan-29 01:03"
"271","2016 Bowman Chrome Draft MICKEY MONIAK Refractor Auto RC Autograph #'d 241/499","$129.99","Jan-29 00:52"
"272","2X ANDREW BENINTENDI 2016 BOWMAN CHROME ROOKIE RC LOT #BCP62 BOSTON RED SOX! }}","$2.99","Jan-29 00:16"
"273","RILEY PINT - 2016 BOWMAN CHROME DRAFT REFRACTOR #BDC50 - ROCKIES","$0.99","Jan-28 23:57"
"274","Mikey York Tampa Bay Rays 2016 Bowman Chrome Draft Yellow Printing Plate","$20.00","Jan-28 23:57"
"275","2016 Bowman Draft GAVIN LUX Chrome Refractor 1st #BDC-67 Dodgers 50 CENT SHIP","$2.00","Jan-28 23:37"
"276","2016 Bowman Platinum/ Bowman/ Topps Chrome Turner RC'S","$2.99","Jan-28 23:30"
"277","2016 Bowman Chrome Blue Refractor Ariel Jurado RC Autograph Auto #/150 RANGERS","$11.99","Jan-28 23:29"
"278","2016 Bowman Chrome (draft) autograph prospect Alec Hansen","$5.99","Jan-28 23:27"
"279","2016 Bowman Chrome Draft DAKOTA HUDSON Auto Blue Refractor RC 101/150 Cardinals","$17.78","Jan-28 22:59"
"280","2016 Bowman Chrome Draft Alex Kirilloff On Card Refractor Auto /499!","$54.95","Jan-28 22:35"
"281","2016 Bowman Chrome Auto Alex Kirilloff","$35.00","Jan-28 22:34"
"282","2016 Bowman Chrome Draft ALEX KIRILLOFF Prospect Auto RC HOT!! ON CARD 1st AUTO!","$31.99","Jan-28 22:33"
"283","2016 BOWMAN CHROME DRAFT ALEC HANSEN AUTO RC PURPLE REFRACTOR #/250","$9.99","Jan-28 22:23"
"284","1-2016 BOWMAN CHROME GREEN REFRACTOR WILLSON CONTRERAS CUBS 49/99","$39.99","Jan-28 22:14"
"285","2016 Bowman Chrome Willie Calhoun RC Rookie AUTO Los Angeles Dodgers Beautiful!","$19.99","Jan-28 22:12"
"286","CHRISTIN STEWART 2016 BOWMAN CHROME AUTOGRAPH Auto SIGNED TIGERS","$13.95","Jan-28 22:05"
"287","2016 Bowman Chrome Draft #BDC-168 Anfernee Seymour Purple Refractor #'d 080/250","$1.99","Jan-28 21:55"
"288","2016 Bowman Chrome Prospects #CPA-JMU Joe Musgrove Auto ~ Houston Astros","$4.99","Jan-28 21:55"
"289","2016 Bowman Chrome Draft #BDC-35 Joey Wentz Sky Blue Refractor ~ Atlanta Braves","$1.49","Jan-28 21:55"
"290","2016 Bowman Chrome Refractor Gold JAMES SHIELDS #88 White Sox /50","$2.68","Jan-28 21:47"
"291","JACK FLAHERTY 2016 Bowman Chrome Draft SKY BLUE REFRACTOR RC Cardinals BDC192","$1.99","Jan-28 21:47"
"292","TYSON ROSS 2016 BOWMAN CHROME PURPLE REFRACTOR #181/250 #42","$0.99","Jan-28 21:45"
"293","2016 Bowman BCP5 Yadier Alvarez 10 count all chrome lot Dodgers","$16.50","Jan-28 21:42"
"294","2016 Bowman Chrome Carl Edwards Jr RC Orange Refractor 21/25","$3.25","Jan-28 21:40"
"295","2016 Bowman Chrome Draft Purple Refractor Bryan Reynolds Giants RC Auto /250","$19.99","Jan-28 21:27"
"296","ALEX KIRILLOFF 2016 Bowman Chrome Draft Gold Refractor Rookie RC Auto /50 Twins!","$315.00","Jan-28 21:16"
"297","2012 Bowman Chrome #180 & 2016 Topps Chrome #175 Andrew McCutchen","$1.79","Jan-28 21:11"
"298","2016 BOWMAN CHROME IAN ANDERSON PURPLE REFRACTOR AUTO AUTOGRAPH /250 BGS 9.5!","$99.99","Jan-28 21:10"
"299","2016 Bowman Chrome Draft * Pirates WILL CRAIG ROOKIE GOLD REFRACTOR AUTO /50","$100.00","Jan-28 21:02"
"300","2016 Bowman Chrome Green Refractor Michael Conforto Mets RC Auto Redemption /99","$44.99","Jan-28 21:01"
"301","Corey Seager 2016 Bowman Chrome Prime Positions Orange Refractor RC Auto 22/25","$133.00","Jan-27 19:39"
"302","IAN ANDERSON 2016 BOWMAN CHROME ROOKIE BLUE REFRACTOR AUTOGRAPH SP AUTO #037/150","$48.77","Jan-27 19:39"
"303","2016 BOWMAN CHROME ELOY JIMENEZ (8) ROOKIE BASEBALL CARD LOT  CHICAGO CUBS HOT!!","$8.99","Jan-27 19:37"
"304","2016 Bowman Chrome Tyler Stephenson Prime Positions Orange Refractor AUTO/25","$6.52","Jan-27 19:32"
"305","2016 BOWMAN CHROME DRAFT ROOKIE AUTO ""DYLAN CARLSON""  CARDINALS","$4.76","Jan-27 19:30"
"306","2016 Bowman Chrome National Red Refractor JOSE BERRIOS BNR-11 TWINS RC 3/5 Made","$19.12","Jan-27 19:30"
"307","2016 BOWMAN CHROME DRAFT - PROSPECT - IAN HAPP","$0.50","Jan-27 19:28"
"308","Anderson Espinoza 2016 Bowman Chrome Purple Refractor Auto #/250","$36.00","Jan-27 19:28"
"309","2016 BOWMAN CHROME DRAFT - PROSPECT - ELOY JIMENEZ","$0.50","Jan-27 19:27"
"310","2016 TOPPS BOWMAN  CHROME PADRES AUTO LOT (2) ERIC LAUER COLIN REA","$1.04","Jan-27 19:25"
"311","2016 BOWMAN CHROME DRAFT ROOKIE AUTO ""TAYLOR TRAMMELL""  REDS","$13.50","Jan-27 19:22"
"312","Willie Calhoun 2016 Bowman Chrome Auto","$16.00","Jan-27 19:22"
"313","T.J. TJ ZEUCH 2016 BOWMAN CHROME DRAFT REFRACTOR ROOKIE AUTO RC #028/499 FD2233","$4.99","Jan-27 19:20"
"314","2016 BOWMAN CHROME DRAFT ROOKIE AUTO ""JUSTIN DUNN""  METS","$7.59","Jan-27 19:19"
"315","2016 Bowman Chrome Fernando Tatis Jr Auto Purple #'d /250 White Sox","$24.50","Jan-27 19:19"
"316","2016 Oneal Cruz Bowman Chrome Blue AUTO Refractor RC Card #119/150!!!","$24.99","Jan-27 19:19"
"317","2016 Bowman Chrome Purple Ref/250 RC Auto Oneal Cruz Los Angeles Dodgers","$20.50","Jan-27 19:16"
"318","2016 Bowman Chrome Top 100 Gold Refractor Aaron Judge Rc AUTO #7/50 Yankees","$17.26","Jan-27 19:15"
"319","Hoy-Jun Park 2016 Bowman Chrome Blue Refractor Auto 39/150 , Yankees , Autograph","$12.50","Jan-27 19:15"
"320","2016 BOWMAN CHROME DRAFT ROOKIE AUTO ""A.J. PUK""  ATHLETICS","$17.00","Jan-27 19:14"
"321","2016 Bowman Chrome Draft Gold Refractor Zack Burdi Rc AUTO #50/50 White Sox","$22.50","Jan-27 19:14"
"322","2016 BOWMAN CHROME - PROSPECT - BLACK AND GOLD REFRACTOR - SAM TRAVIS","$2.00","Jan-27 19:11"
"323","2016 BOWMAN CHROME DRAFT ROOKIE AUTO ""IAN ANDERSON""  BRAVES","$15.50","Jan-27 19:09"
"324","2016 Bowman Chrome Draft Mickey Moniak Sky Blue Refractor Prospect #1 - Phillies","$6.99","Jan-27 19:09"
"325","2016 BOWMAN CHROME DRAFT ROOKIE AUTO ""COREY RAY""  BREWERS","$19.99","Jan-27 19:07"
"326","2016 BOWMAN CHROME DRAFT ROOKIE AUTO ""GAVIN LUX""  DODGERS","$17.50","Jan-27 19:05"
"327","2016 Bowman Chrome Draft Matt Thaiss Purple Refractor Auto Autograph #82/250!!","$30.00","Jan-27 19:04"
"328","2016 Bowman Chrome Jose Berrios Green Refractor Auto (RC) #/99","$15.00","Jan-27 19:04"
"329","2016 BOWMAN CHROME DRAFT ROOKIE AUTO ""BOBBY DALBEC""  RED SOX","$15.79","Jan-27 19:02"
"330","2016 Bowman Chrome Auto Austin Gomber Purple Refractor 138/250","$3.14","Jan-27 19:01"
"331","2016 Bowman Chrome Draft Forrest Whitley RC Blue Refractor Auto Astros #/150!","$15.50","Jan-27 19:00"
"332","2016 Bowman Chrome Draft Bo Bichette RC Auto Jays Hot Prospect!","$20.51","Jan-27 19:00"
"333","2016 Bowman Chrome Draft RC Auto 9 Lot L@@K!","$29.51","Jan-27 19:00"
"334","2016 BOWMAN CHROME DRAFT ROOKIE AUTO ""BO BICHETTE""  BLUE JAYS","$22.50","Jan-27 18:58"
"335","2016 Bowman Chrome Draft DJ Peters Blue Refractors /150 Dodgers 2 Card Lot","$9.99","Jan-27 18:58"
"336","2016 Bowman Chrome Purple Refractors #70 Kris Bryant serial #'d 199/250","$13.50","Jan-27 18:57"
"337","2016 Bowman Chrome ADAM JONES /5 RED Refractor National Orioles SuperStar !!","$28.50","Jan-27 18:56"
"338","2016 Bowman Chrome Auto Paul DeJong  Refractor 039/499","$1.60","Jan-27 18:55"
"339","2016 Bowman Chrome Auto Paul DeJong Purple Refractor 114/250","$6.50","Jan-27 18:51"
"340","2016 Bowman Chrome Baseball Vending Sealed Box","$74.99","Jan-27 18:50"
"341","2 PACK LOT 2016 BOWMAN DRAFT BASEBALL GUARANTEED CHROME AUTO HOT PACKS AUTOGRAPH","$28.00","Jan-27 18:48"
"342","2016 BOWMAN CHROME AUTO BCAP-TA TYLER ALEXANDER PROSPECT TIGERS","$4.25","Jan-27 18:48"
"343","2016 Bowman Chrome Auto Raffy Ozuna  Blue Refractor 040/150","$8.02","Jan-27 18:47"
"344","2016 Bowman Chrome Auto Adam Engel Blue Refractor 035/150","$5.75","Jan-27 18:44"
"345","Trea Turner 2016 Bowman Chrome Top 100 Gold Rookie RC Auto Autograph /50 Nats","$109.95","Jan-27 18:43"
"346","2016 Will Benson bowman chrome draft black refractor rc auto # 22/75 (indians)","$104.99","Jan-27 18:35"
"347","2016 Bowman Chrome Jesus Tinoco Autograph Auto Rockies FBC","$0.99","Jan-27 18:32"
"348","WASHINGTON NATIONALS #23 2016 Bowman Chrome Baseball VENDING 1/2 CASE Break","$36.00","Jan-27 18:27"
"349","TORONTO BLUE JAYS #23 2016 Bowman Chrome Baseball VENDING 1/2 CASE Break","$57.00","Jan-27 18:24"
"350","ANFERNEE GRIER 2016 Bowman Draft 1st BLUE WAVE CHROME AUTO RC /150 DIAMONDBACKS","$14.99","Jan-27 18:22"
"351","1995 (BRAVES) Upper Deck Special Edition #151 Greg Maddux","$0.99","Jan-23 18:26"
"352","1995 (BRAVES) Upper Deck Electric Diamond #49 Greg Maddux","$1.20","Jan-23 18:26"
"353","1995 (BRAVES) Upper Deck Electric Diamond #101 Greg Maddux ANA","$0.99","Jan-23 18:26"
"354","1995 (BRAVES) Upper Deck Checklists #5A Greg Maddux","$0.99","Jan-23 18:25"
"355","1995 (BRAVES) Upper Deck Checklists #3B Greg Maddux","$0.99","Jan-23 18:25"
"356","2003 TOPPS CHROME GREG MADDUX  #D38/50--XFRACTOR UNCIRCULATED","$24.95","Jan-23 18:25"
"357","1995 (BRAVES) UC3 In Motion #IM8 Greg Maddux","$1.20","Jan-23 18:06"
"358","1995 (BRAVES) Ultra Gold Medallion #129 Greg Maddux","$1.60","Jan-23 18:06"
"359","1995 (BRAVES) Ultra League Leaders Gold Medallion #8 Greg Maddux","$1.60","Jan-23 18:06"
"360","1995 (BRAVES) Ultra Strikeout Kings Gold Medallion #4 Greg Maddux","$1.60","Jan-23 18:06"
"361","1995 (BRAVES) Tombstone Pizza #5 Greg Maddux","$1.60","Jan-23 18:06"
"362","1995 (BRAVES) Topps Cyberstats #158 Greg Maddux","$0.99","Jan-23 18:06"
"363","1995 (BRAVES) Stadium Club Virtual Reality #222 Greg Maddux","$1.25","Jan-23 18:05"
"364","2004 UPPER DECK POWER UP BASEBALL SHINING THROUGH #52 GREG MADDUX CUBS AG806","$0.28","Jan-23 18:02"
"365","2015 Topps Strata Greg Maddux Auto On Card Acetate 58/75 Atlanta Braves Wow!","$46.00","Jan-23 17:30"
"366","GREG MADDUX  CUBS  1991 FLEER ULTRA #64","$0.99","Jan-23 16:31"
"367","greg maddux","$0.59","Jan-23 16:28"
"368","1995 (BRAVES) Score Hall of Gold #HG18 Greg Maddux","$2.00","Jan-23 15:56"
"369","1995 (BRAVES) Pinnacle Red Hot #RH12 Greg Maddux","$1.80","Jan-23 15:55"
"370","1995 (BRAVES)  Fleer Award Winners #4 Greg Maddux","$0.99","Jan-23 15:46"
"371","1987 TOPPS TRADED #70T GREG MADDUX RC CUBS GEM MT 10","$3.25","Jan-23 13:18"
"372","GREG MADDUX 2005 Leaf Sportscasters Blue Running /40!","$4.00","Jan-23 13:00"
"373","1986 Procards GREG MADDUX Rookie RC Pittsfield Cubs  NM+","$4.99","Jan-23 12:30"
"374","2015 Topps Supreme Greg Maddux Autograph Auto # 22/26 Atlanta Braves","$124.99","Jan-23 11:30"
"375","GREG MADDUX 1987 LEAF RATED ROOKIE PSA 9  CUBS","$8.99","Jan-23 09:42"
"376","Lot of (7) 1987 Donruss Leaf #36 Greg Maddux Rated Rookie RC NM Chicago Cubs","$6.99","Jan-23 09:20"
"377","1989 FLEER SUPERSTARS #28 GREG MADDUX CUBS HOF POP 5 PSA 10 B2234905-512","$9.99","Jan-23 08:38"
"378","2 Atlanta Constitution Autographed Newspapers Tom Glavine Greg Maddux Braves","$32.00","Jan-23 07:23"
"379","1997 FLAIR SHOWCASE GREG MADDUX #D5/100 LEGACY ROW 2 SEAT 44","$24.99","Jan-23 05:55"
"380","1998 FLEER DUGOUT AXCESS DISHWASHERS # D1 GREG MADDUX ATLANTA BRAVES","$1.49","Jan-23 05:52"
"381","GREG MADDUX SOUTHLAND PLASTICS BASEBALL STATUE FIGURE NEW IN BOX LIMITED EDITION","$9.99","Jan-23 04:28"
"382","2016 Bowman Draft Chrome Baseball Inserts - Complete Your Set !!","$0.99 to $1.50","Jan-23 00:30"
"383","2016 Topps High Tek GREG MADDUX Jumbo 5x7 HIGHLIGHTS Insert #37/49","$2.49","Jan-22 23:39"
"384","GREG MADDUX 31 CARD LOT NO DUPES PREMIUMS INSERTS","$1.49","Jan-22 23:08"
"385","1999 Greg Maddux Crown Royale Living Legends Rare Insert #D 59/375 Braves","$6.99","Jan-22 23:00"
"386","1998 (BRAVES) Circa Thunder Limited Access #9 Greg Maddux","$4.00","Jan-22 22:11"
"387","2016 Triple Threads Purple Greg Maddux (304/340) Braves","$0.99","Jan-22 22:11"
"388","CHICAGO CUBS Number KIT For Authentic HOME JERSEY ANY NAME OR NUMBER","$24.99","Jan-22 21:54"
"389","2014 Panini 75th HOF Elite Series Greg Maddux (06/25) Braves","$1.07","Jan-22 21:06"
"390","pop 4 - 1997 Bowman's Best ATOMIC Refractor #40 Greg MADDUX - PSA 10+++ HOF","$59.99","Jan-22 21:03"
"391","1997 Fleer Atlanta Braves team set Chipper Jones, Greg Maddux, Smoltz Mint PSA","$0.50","Jan-22 20:53"
"392","1999 METAL UNIVERSE DIAMOND SOUL #6 GREG MADDUX MINT *000711","$2.50","Jan-22 20:33"
"393","1987 - Greg Maddux #36 - Donruss Baseball Card - PSA NM7     (lot 0456)","$1.25","Jan-22 20:18"
"394","1989 Bowman Baseball Card #284 GREG MADDUX Cubs NRMT","$1.25","Jan-22 19:53"
"395","1987 Donruss Baseball #036 Greg Maddux Rookie PSA 8 Chicago Cubs HOF","$2.25","Jan-22 19:50"
"396","1998 SKYBOX EX-2001 GREG MADDUX #D58/98-ESS CREDENTIALS FUTURE--PSA 9","$150.00","Jan-22 19:27"
"397","1993 Leaf Donruss Elite DOMINATORS Greg Maddux /5000 Insert HOF Braves","$4.25","Jan-22 19:00"
"398","Greg Maddux mcfarlane Chicago Cubs variant LOOSE","$32.00","Jan-22 18:57"
"399","GREG MADDUX $20+ MINT BRAVES HOF ROOKIE CARD #70T CUBS RC SP 1987 TOPPS TRADED.","$3.50Trending at$3.90","Jan-22 18:55"
"400","1987 Donruss Greg Maddux #36 PSA 9 MINT - Chicago Cubs","$3.99","Jan-22 18:45"
